Mean_Reward,Reward_Std,Total_Reward
-0.2504000118933618,0.0009165151825233012,119.87206976544891
