Mean_Reward,Reward_Std,Mean_Return,Return_Std,Total_Reward,Sharpe_Ratio,Sortino_Ratio,Calmar_Ratio,Max_Drawdown,Win_Loss_Ratio,Annualized_Return,Total_Profit,Final_Portfolio_Value,Hold_Pct,Buy_Pct,Sell_Pct
2.3714546119166884,0.4949395206358616,0.0014578061236564023,0.0031479023982981407,1183.4212165584,0.14433935109721224,0.16482778997710024,0.22486522569450154,0.11714316367371043,1.1012017710309931,0.02634142393805683,408819.5268254541,1408819.526825454,0.0,1.0,0.0
